947353320
462|1|Sarah Brody|Sarah|Brody||http://staging.hellosonar.com/avatar/tn_36x36_462.jpg|||||||Other|sbrody@apple.com|||||||||||
429|1|Andrew Lin|Andrew|Lin|Mirror mode|http://staging.hellosonar.com/avatar/tn_36x36_429.jpg|Mobile|777-777-7777|Home|888-888-8888|Pager|999-999-9999|Other|alin@8020studio.com|||||Work|47 Gilbert Street
San Francisco, CA 94103|||||
433|1|Jerry Knight|Jerry|Knight|Fell asleep watching Sherlock Holmes.|http://staging.hellosonar.com/avatar/tn_36x36_433.jpg|Mobile|789-987-9874|||||Other|jknight@8020studio.com|||||Home|80 Nassau Street, No. 203
New York, NY 10038|||||
431|1|Andrew Borovsky|Andrew|Borovsky|I am fucking speechless IDEO. If one of our designers produced this I would fire them on the spot. http://bit.ly/8NUMBh|http://staging.hellosonar.com/avatar/tn_36x36_431.jpg|Mobile|987-654-3212|Mobile|+1-917-545-7847|||Other|borovsky@8020studio.com|Other|andrewborovsky@me.com|Home|europop@me.com|Home|80 John Street, 12F
New York,  NY  10038
USA; 18 Dufferin Street, Flat 2
London,  England  EC1Y 8PD
United Kingdom|Work|80 Nassau Street, No. 203
New York,  NY  10038
USA|||
442|1|Kristina Buka|Kristina|Buka||http://staging.hellosonar.com/avatar/tn_36x36_442.jpg|Mobile|+7793589934|||||Other|kristochka@aol.com|||||||||||
415|0|Bobby Andersen|Bobby|Andersen||http://staging.hellosonar.com/avatar/tn_36x36_415.jpg|Home|1-303-472-3666|||||Other|rsa@apple.com|Home|bobby@pixelimplosion.com|||Home|13756 W. Amherst Way
Lakewood,  CO  80228
United States|||||
495|0|Liz Balin|Liz|Balin|||Mobile|+14152447748|||||||||||||||||
430|0|Philip Baruc|Philip|Baruc||http://staging.hellosonar.com/avatar/tn_36x36_430.jpg|Work Fax|917-549-3744|Work|777-777-7777|Mobile|963-852-7414|Other|philip.baruc@pgbinc.net|Work|philip.baruc.work@pgbinc.net|Home|philip_baruc@hotmail.com|Work|8020 Nassau St
Suite 203
New York, NY 10013|Home|1313 Mocking Bird Lane
Waterfalls, NY 11977|||
454|0|Cyril Borovsky|Cyril|Borovsky||http://staging.hellosonar.com/avatar/tn_36x36_454.jpg|Mobile|+14168260155|||||Other|cyrilborovsky@me.com|||||Work|223 River Street
Toronto,  Ontario  M5A 3P9
Canada|||||
479|0|Serge Borovsky|Serge|Borovsky|||Home|+3717455083|Mobile|+37129141459|Work|+3717331705|Other|serge@spt.lv|Other|serge@spt.lv|||Work|Kalnciema Street, 105-35
Riga LV-1046
Latvia|||||
418|0|Dominic Butler|Dominic|Butler||http://staging.hellosonar.com/avatar/tn_36x36_418.jpg|Mobile|+44-790-595-0721|||||Other|dobutler@adobe.com|||||||||||
409|0|Jonas Bylund|Jonas|Bylund||http://staging.hellosonar.com/avatar/tn_36x36_409.jpg|||||||Other|jonas@syntes-studio.com|||||||||||
453|0|Erin Caton|Erin|Caton||http://staging.hellosonar.com/avatar/tn_36x36_453.jpg|||||||||||||||||||
494|0|Cheltenham &amp;amp; Gloucester|||||Work|+44 8453006793.|||||||||||||||||
448|0|Jeremy Clark|Jeremy|Clark||http://staging.hellosonar.com/avatar/tn_36x36_448.jpg|||||||||||||||||||
485|0|Nicol Cseko|Nicol|Cseko|||Home|+1-914-949-7646|Mobile|+1-917-655-0891|||Other|nec210@nyu.edu|||||Home|8 Kempner Lane
Purchase,  NY  10577
USA|||||
460|0|Vesna Cvetkovic|Vesna|Cvetkovic||http://staging.hellosonar.com/avatar/tn_36x36_460.jpg|Home|718-963-0745|Mobile|504-579-2323|||Other|const1959for@yahoo.com|||||||||||
437|0|Sam Dallyn|Sam|Dallyn||http://staging.hellosonar.com/avatar/tn_36x36_437.jpg|Mobile|+44 7984 659 364|||||Other|samdallyn@hotmail.com|||||||||||
422|0|Joshua Dickens|Joshua|Dickens||http://staging.hellosonar.com/avatar/tn_36x36_422.jpg|Mobile|9176032123|||||Other|jdickens@apple.com|||||Home|88 tiffany ave
san francisco,  ca  94110
USA|||||
425|0|Ethan Eismann|Ethan|Eismann||http://staging.hellosonar.com/avatar/tn_36x36_425.jpg|||||||Other|eeismann@adobe.com|Home|eeismann@gmail.com|||||||||
458|0|Barry Ellis|Barry|Ellis||http://staging.hellosonar.com/avatar/tn_36x36_458.jpg|Mobile|+14168254276|||||Other|buriedbyfire@hotmail.com|||||||||||
465|0|Paul Estrin|Paul|Estrin||http://staging.hellosonar.com/avatar/tn_36x36_465.jpg|Home|4154956275|Mobile|(416) 856-1571; 4162302224|||Other|paul.estrin@conexys.com|Home|paul.estrin@noviur.com|||||||||
491|0|Cora Fioravanti|Cora|Fioravanti|||Mobile|+1-416-275-6622|||||Other|corafioravanti@sympatico.ca|||||||||||
414|0|Megan Frost|Megan|Frost||http://staging.hellosonar.com/avatar/tn_36x36_414.jpg|Home|(415) 695-0659|Mobile|(415) 412-9131|Work|4089749017|Other|frost@apple.com|Home|meg@frostdesign.net|||Home|506 Connecticut Street
San Francisco,  CA  94107
USA|Work|1 Infinite Loop
MS 37-2DA
Cupertino,  CA  95014
USA|||
472|0|Alex Gaponovitch|Alex|Gaponovitch||http://staging.hellosonar.com/avatar/tn_36x36_472.jpg|Mobile|+14168794084|||||Other|a.lex@mac.com|||||||||||
459|0|Anna Gaponovitch|Anna|Gaponovitch||http://staging.hellosonar.com/avatar/tn_36x36_459.jpg|Mobile|+14162775818|Work|+14168694542|||Other|agap@me.com|||||Home|421-16 Yonge Street
Toronto,  On  M5E 2A1
Canada|||||
427|0|Karlo Ghokasian|Karlo|Ghokasian||http://staging.hellosonar.com/avatar/tn_36x36_427.jpg|Home|+14167034542|Mobile|+14168802320|||Other|karlo@northfive.com|||||Home|1 Old Primrose Lane
Toronto,  Ontario  M5A 4T1
Canada|||||
474|0|Rich Goade|Rich|Goade|||Mobile|2063044316|||||Other|rgoade@apple.com|Home|richgoade@mac.com|||Home|24314 119th Ave SE
Kent,  WA  98030
USA|Work|1 Infinite Loop
Cupertino,  CA  95014
USA|||
443|0|Ken Goto|Ken|Goto||http://staging.hellosonar.com/avatar/tn_36x36_443.jpg|||||||||||||||||||
439|0|Michael Gough|Michael|Gough||http://staging.hellosonar.com/avatar/tn_36x36_439.jpg|Mobile|+1415-205-4305|||||||||||||||||
426|0|Irina Gurevich|Irina|Gurevich|||Other|89166173799|||||Other|iigurevich@gmail.com|||||||||||
492|0|Hair and Jerome|||||Work|+44 27 375 0044|||||||||||Work|5 Artillery Passage
London   E1 7LJ|||||
421|0|Usama Hajj|Usama|Hajj|||Mobile|217.766.9089|Other|408-974-5689|||Other|usama@mac.com|Work|usama@apple.com|||Work|1 Infinite Loop
MS 37-2MAC
Cupertino,  CA  95014|||||
432|0|Andrew Hedges|Andrew|Hedges||http://staging.hellosonar.com/avatar/tn_36x36_432.jpg|Mobile|741-852-9636|Home|369-8521-7412|||Other|andrew@hedges.name|||||||||||
456|0|Chelsea Hess|Chelsea|Hess||http://staging.hellosonar.com/avatar/tn_36x36_456.jpg|||||||||||||||||||
417|0|Ryan Hicks|Ryan|Hicks||http://staging.hellosonar.com/avatar/tn_36x36_417.jpg|Mobile|+12094068549|Work|+14158327702|||Other|rhicks@adobe.com|||||||||||
461|0|Ulana Hunter|Ulana|Hunter||http://staging.hellosonar.com/avatar/tn_36x36_461.jpg|||||||||||||||||||
424|0|Shan Hu|Shan|Hu||http://staging.hellosonar.com/avatar/tn_36x36_424.jpg|||||||Other|shu@8020studio.com|||||||||||
486|0|Nazmul Idris|Nazmul|Idris|||Mobile|1-703-554-3705|||||Other|nidris@screamingtoaster.com|||||||||||
484|0|Shikhiu Ing|Shikhiu|Ing|||Mobile|+1 (415) 218-4821|||||Other|shikhiu@adobe.com|||||||||||
412|0|Graham Jarrett|Graham|Jarrett||http://staging.hellosonar.com/avatar/tn_36x36_412.jpg|Home|+14169329138|Mobile|+16474066622|||Other|graham@northfive.com|||||Work|15 Erskine Avenue, #1601
Toronto,  Ontario  M4P 1Y5
Canada|||||
410|0|Amanda Jones|Amanda|Jones|||Work|+1-818-383-4820|||||Other|amanda@djamandajones.com|||||||||||
470|0|Elia Kanaki|Elia|Kanaki||http://staging.hellosonar.com/avatar/tn_36x36_470.jpg|Mobile|+1-416-562-5765|||||Other|rossul@mac.com|||||||||||
481|0|Leslie Kennedy|Leslie|Kennedy|||Mobile|+1-310-717-7426|||||||||||||||||
440|0||||||||||||||||||||||||
411|0||||||||||||||||||||||||
467|0||||||||||||||||||||||||
483|0||||||||||||||||||||||||
476|0||||||||||||||||||||||||
469|0||||||||||||||||||||||||
447|0||||||||||||||||||||||||
478|0||||||||||||||||||||||||
468|0||||||||||||||||||||||||
457|0||||||||||||||||||||||||
473|0||||||||||||||||||||||||
423|0||||||||||||||||||||||||
493|0||||||||||||||||||||||||
489|0||||||||||||||||||||||||
463|0||||||||||||||||||||||||
436|0||||||||||||||||||||||||
464|0||||||||||||||||||||||||
428|0||||||||||||||||||||||||
452|0||||||||||||||||||||||||
475|0||||||||||||||||||||||||
420|0||||||||||||||||||||||||
419|0||||||||||||||||||||||||
451|0||||||||||||||||||||||||
487|0||||||||||||||||||||||||
455|0||||||||||||||||||||||||
450|0||||||||||||||||||||||||
441|0||||||||||||||||||||||||
435|0||||||||||||||||||||||||
490|0||||||||||||||||||||||||
480|0||||||||||||||||||||||||
445|0||||||||||||||||||||||||
438|0||||||||||||||||||||||||
482|0||||||||||||||||||||||||
416|0||||||||||||||||||||||||
434|0||||||||||||||||||||||||
413|0||||||||||||||||||||||||
471|0||||||||||||||||||||||||
446|0||||||||||||||||||||||||
444|0||||||||||||||||||||||||
477|0||||||||||||||||||||||||
449|0||||||||||||||||||||||||
488|0||||||||||||||||||||||||
466|0||||||||||||||||||||||||
